"","TNBC_1","TNBC_2","TNBC_3","TNBC_4","TNBC_5","TNBC_6","TNBC_7","TNBC_8","TNBC_9","TNBC_10","TNBC_11","TNBC_12","TNBC_13","TNBC_14","TNBC_15","TNBC_16","TNBC_17","TNBC_18","TNBC_19","TNBC_20","TNBC_21","TNBC_22","TNBC_23","TNBC_24","TNBC_25","TNBC_26","TNBC_27","TNBC_28","TNBC_29","TNBC_30","Normal_31","Normal_32","Normal_33","Normal_34","Normal_35","Normal_36","Normal_37","Normal_38","Normal_39","Normal_40","Normal_41","Normal_42","Normal_43"
"ACTB",0.0636069652115443,0.856684144838008,0.755007583347436,0.924468519165056,0.0568285277788395,0.517762273202767,-0.705745683400453,1.67009663676259,0.382193524548671,0.168672745418469,0.517762273202767,0.331355243803385,-0.0482372524280852,-0.607458340626233,0.517762273202767,0.822791957674484,1.16171382930973,0.687223209020388,1.9751263212343,1.46674351378144,0.721115396183912,0.416085711712195,-0.312596312303573,0.856684144838008,-0.980272399424998,-0.60406912190988,-0.88537427536713,0.653331021856864,-0.156692251351362,2.07680288272488,-1.06839208605016,-1.07855974219922,-1.58355333093573,-1.7631819229024,-1.41070317640175,-0.888763494083483,-0.475278810688489,-0.851482088203606,-1.10228427321368,-1.41070317640175,-1.51915817532503,-0.766751620294796,0.619438834693339
"TMEFF2",1.94567477077236,0.674975196626241,-0.595724377519876,-1.0289174141606,0.646095660850192,-0.249169948207299,0.415059374641808,0.212902624209471,1.05040916171487,1.88791569922026,-0.364688091311491,-0.0470131977749619,-0.0181336619989138,-0.335808555535443,0.674975196626241,1.57024080568373,0.530577517746,-0.884519735280357,-0.942278806832453,1.33920451947535,-0.855640199504309,1.36808405525139,-0.278049483983347,0.934891018610673,2.23447012853284,-1.54874905812946,-0.595724377519876,0.501697981969952,0.0396254095531823,0.241782159985519,-1.17331509304084,-1.49098998657737,-0.884519735280357,-1.60650812968156,-1.08667648571269,-1.31771277192108,0.963770554386721,0.0107458737771343,-0.451326698639635,-0.797881127952212,-0.884519735280357,0.0685049453292304,0.126264016881327
"TUBA1B",1.23721858006547,0.164894619473966,0.0773579696297618,-0.951197666039638,-0.021120761444968,-0.891016219271748,1.20439233637389,0.783122208998659,1.2919289862181,0.0773579696297618,-0.0539470051365446,0.914427183764965,0.815948452690235,-0.617464188508609,0.214133985011331,0.70652764038498,1.75696743851543,0.345438959777637,0.777651168383396,-0.415035685743887,1.87733033205121,1.2919289862181,0.92536926499549,1.42870500159966,0.394678325315002,0.0281186040923969,0.0390606853229225,0.722940762230768,-0.278259670362318,0.985550711763381,-1.00590807219227,-1.27398906234014,-1.48188860572013,-1.7937379207901,-1.30681530603172,-1.34511259033856,-0.601051066662821,-0.650290432200186,-1.28493114357067,-1.45453340264381,-1.31228634664698,-0.819892691273332,-0.502572335588091
"HSPE1",0.221317369248272,1.00539235252565,0.929514128337518,0.084736565709632,-0.623460193379613,-1.16472485925497,0.600708490188939,0.676586714377073,0.524830266000806,0.115087855384885,-0.400884069094422,0.732230745448371,1.35443218379106,0.671528166097864,-0.360415682860751,0.211200272689854,2.32567345339917,1.52136427700496,0.175790434735392,-0.577933258866733,0.084736565709632,0.868811548987011,1.31396379755739,0.605767038468148,1.72876475645252,-0.2744203621142,-0.628518741658822,0.170731886456183,-0.937090186690565,2.17897555330212,-0.846036317664805,-0.729689707243,-1.09390518334604,-1.03826115227474,-1.20519324548864,-1.01802695915791,-0.82074357626876,-1.10402227990446,-1.35492627455322,-1.37566632249798,-1.10908082818367,-0.947207283248983,-0.491937938120182
"COX6C",-0.402981161462235,0.795112421439578,0.216372300885313,-0.413134496910555,0.180835626816191,-0.941107940223218,-0.372521155117273,0.891569108198622,-0.174531113875024,0.135145617298749,-0.687274554015207,0.83572576323286,1.3281625324764,0.0793022723329867,-0.666967883118566,0.231602304057793,1.75460262130586,0.688502399232213,1.34339253564888,0.470205687093324,-0.0831510948401405,1.08448248171671,1.2773958552348,-0.738041231256809,3.38928962848545,-0.0222310821502178,-0.971567946568179,0.175758959092031,0.15545228819539,1.59214925413273,-0.75834790215345,-0.76342456987761,-1.04264129470642,-1.03756462698226,-1.14925131691379,-0.854804588912494,-0.727887895808489,-1.09848463967219,-1.12386797829299,-1.21372499701062,-1.06802463332722,-0.727887895808489,0.414362342127561
"STMN1",1.92979386262282,-0.666850609247969,0.732340823572912,-0.606683018123294,-0.62496924679844,-0.282249928725535,0.189652746762115,0.779531091121677,1.16885079839899,0.343021116295601,-0.594885451236103,-0.240958444620365,0.460996785167514,-0.754152604213184,-0.535897616800146,0.455098001723918,1.03907756263988,0.337122332852006,0.561276103708639,0.0834746447773938,1.91799629573563,-0.264553578394748,1.36351065203764,1.58766442289428,-0.541796400243742,1.38120700236843,1.26913011694011,-0.624379368454081,-0.627918638520238,2.55506490764396,-0.968868321560065,-0.944683309441323,-1.05558043818092,-1.13403425798074,-0.9216780540113,-1.1127986375838,-0.783056643086803,-1.03316506109526,-0.945863066130042,-1.09569216559737,-1.03729420950577,-0.834376059046085,0.0775758613337982
"SHFM1",-0.157921353403655,0.558446710806708,-0.113837164836863,-0.135879259120259,-0.0752634998409205,-0.516105385508836,-0.207516065541295,1.03786226147057,0.503341475098218,-0.02566878770328,-0.527126432650534,0.0624995894303031,1.83137765567281,0.0569890658594542,-0.488552767654591,0.685188752936234,3.44596106193155,2.22813535277394,0.508851998669067,-0.246089730537238,2.40998263061195,0.101073254426246,-0.290173919104029,0.519873045810765,-0.0642424526992226,-0.416915961233555,-0.708973710488549,-0.830205229047226,-0.306705489816576,1.47870414713848,-0.758568422626189,-0.697952663346851,-0.93986464810712,-0.940966752821289,-0.877595731756526,-0.849492061545197,-0.631826380496664,-0.866574684614829,-0.916169396752469,-0.981744627245572,-0.912312030252875,-0.697952663346851,-0.246089730537238
"ATP5H",0.149311493203495,-0.333001047281161,-0.25783545655628,-0.690037603224348,-0.339264846508235,-0.978172367669727,-0.282890653464573,0.305906473880332,1.01371578653963,1.03250718422085,-0.239044058875059,1.86559248142162,1.03877098344793,0.418654859967654,-0.0135472867004147,-0.282890653464573,1.49602832702429,0.763163817456694,0.268323678517891,0.775691415910841,1.6588871069282,1.8468010837404,-0.138823271241884,0.788219014364988,2.4606534079936,-0.195197464285545,-0.558497819455806,-1.00322756457802,-0.658718607088981,1.59624911465746,-1.02828276148631,-0.984436166896801,-1.27257093134218,-0.990699966123874,-1.04081035994046,-0.96564476921558,-0.464540831049704,-0.928061973853139,-1.26004333288803,-1.31641752593169,-0.96564476921558,-0.596080614818246,0.305906473880332
"SDF2L1",1.32921379668312,0.182263467938878,0.370126021784918,-0.391211696433244,0.152600959436872,-0.000655334490160613,-0.341774182263233,3.35120812623655,-0.588961753113286,-0.761993052708323,-0.717499289955313,0.117994699517865,0.0290071740118457,0.14271345660287,-0.717499289955313,2.30807657724933,0.335519761865911,0.256419739193894,0.42450728737193,1.41325757077214,-0.613680510198291,0.19215097077288,-0.376380442182241,2.68380168494141,0.300913501946904,-1.1050894010482,0.607426089800969,-0.198405391170203,0.0833884395988573,-0.0599803514941732,-0.697724284287309,-0.504917979024268,-1.05713501230329,-0.312111673761227,-0.976057489064468,-0.836149323963338,-0.84603682679734,-0.841093075380339,-0.79659931262733,-0.771880555542325,-1.01857375125068,-0.885586838133349,1.13640749142008
"ENY2",-0.307947964520173,0.667892719743324,-0.103548902275792,-0.215638710603356,-0.0442072390435521,-0.792571547583464,-0.281573891972511,1.59757877704841,0.9975686265891,-0.294760928246342,-0.729933125282766,0.601957538374169,0.661299201606409,-0.314541482657089,-0.715427385381552,0.628331610921831,1.86131950252503,0.826137155029297,0.80635660061855,0.931633445219945,1.45911489617319,0.595364020237253,1.19537417069657,-0.413444254710821,0.443713103088196,0.00854090605177203,-0.731911180723841,-0.182671119918778,-0.294760928246342,3.23936479314038,-0.97784940723079,-1.03653171864934,-1.15389634148643,-1.05235616217794,-1.03059755232611,-0.994333202573079,-0.807736639298369,-1.00224542433738,-1.08466440104882,-1.1018075482048,-1.08796116011728,-0.845319692678788,1.07669084423209
"CDK2AP1",0.822884541265229,-0.305714559152621,0.0307621912825145,-0.375813882159941,-0.375813882159941,0.633616369145465,0.857934202768889,-0.768370091000932,1.78324526646551,0.12189131119203,0.241060160304474,1.11730169789597,1.83932472487137,-0.775380023301664,0.374248874018382,-0.86650914321118,2.73659605936506,1.90942404787869,0.00272246207958653,-0.0463470640255374,0.241060160304474,0.991122916482797,2.11972201690065,0.388268738619846,-0.544052257377509,-0.950628330819964,0.248070092605206,-0.62116151268556,-0.403853611362869,0.787834879761569,-0.824449549406788,-0.712290632595076,-1.10274386174585,-0.950628330819964,-1.10064088205563,-0.929598533917768,-0.375813882159941,-0.824449549406788,-0.733320429497272,-1.30462991200693,-1.07750810546321,-0.929598533917768,-0.347774152957013
"CALM2",-0.703837265666111,0.539342720574173,-0.0914333315575968,0.63120331069045,-0.164921803650618,-1.13864405888316,-0.367015101906428,0.0249234159230209,0.245388832202086,-0.189417961014959,0.0555436126284466,0.435234051775725,0.569962917279598,-0.520116085433557,0.367869619023789,-0.434379534658365,1.75190251010903,1.05988606456641,1.32934379557416,0.282133068248597,0.184148438791235,0.539342720574173,2.27856989344235,2.67663245061289,-0.746705541053707,0.312753264954023,-1.19376041295292,-0.550736282138982,-0.507868006751386,2.71950072600048,-0.65484495093743,-0.783449777100218,-1.34686139648005,-1.13252001954207,-1.04678346876688,-0.501743967410301,0.0249234159230209,-0.360891062565343,-1.03453539008471,-1.21213253097618,-1.00391519337928,-0.45275165268162,0.110659966698213
"SEC61G",0.306700999058552,0.0586072206121789,-0.228659259694148,0.0455496533255276,-0.339648581630684,-0.656947466696308,-0.500909537620826,0.398103970065111,0.0716647878988301,-0.267831961554102,1.338248814704,-0.287418312484079,1.69733191508691,0.424219104638413,1.39700786749393,-0.19601534147752,3.56456403707803,2.63094797608247,-0.43562170118757,-0.209072908764171,0.0520784369688532,-0.287418312484079,2.27186487569956,0.424219104638413,-0.19601534147752,-0.447373511745556,-0.248245610624125,-0.124198721400938,-0.56815600914708,-0.307004663414056,-0.793399044841814,-0.854769611089075,-0.893942312949028,-0.706566222385583,-0.882843380755375,-0.762060883353851,0.0977799224721325,-0.86390990818973,-0.899818218228021,-0.919404569157998,-0.903082610049684,-0.750309072795865,-0.248245610624125
"SPINT2",0.0916461889201148,-0.0181789981300556,-0.192607236386209,1.6227385025019,-1.08412934302877,-0.78049500236065,3.59313156428437,1.46769117960754,2.15248352239096,0.414661444950028,-0.399337000245353,-0.199067541506807,0.47926449615601,1.22865989014541,-0.166766015903816,0.246693511814473,0.92502554947729,0.5180263268796,-0.741733171637061,-0.987224766219794,1.78424613051686,0.0528843581965252,0.350058393744045,-0.0763217442154399,0.614930903688574,-0.715891951154668,-0.541463712898515,0.343598088623447,-1.25209727616432,0.188550765729089,-0.683590425551676,-0.644828594828087,-1.12289117375236,-0.48332096681313,-0.67066981531048,-0.560844628260309,-0.244289677350995,-0.48332096681313,-0.599606458983899,-0.967843850858,-0.774034697240052,-0.735272866516462,-0.948462935496205
"HSP90B1",-0.571136170397202,1.34214330351053,0.515606570782392,0.446728509721713,-0.578789288292833,-0.823689060953024,1.79367725935276,1.28857147824112,-0.257358336676334,-0.219092747198179,-0.785423471474869,0.561525278156177,1.61000242985762,0.385503566556666,-0.624707995666619,0.408462920243558,2.68143893524595,2.36766110152508,-0.180827157720024,0.163563147583368,-0.127255332450608,0.699281400277534,0.278359916017832,0.201828737061523,0.752853225546951,-1.05328259782195,-1.09154818730011,0.706934518173165,-0.693586056727297,1.16612159191102,-0.754810999892345,-0.640014231457881,-0.999710772552535,-0.563483052501571,-1.06858883361321,-0.785423471474869,-0.594095524084095,-1.16042624836079,-0.984404536761273,-1.25226366310836,-1.27522301679525,-0.655320467249143,0.370197330765404
"ATP1B3",0.633349292814519,-0.553935692449802,0.204394717493216,-0.42295134891419,1.76701495616368,-0.2475395672203,-0.559297624641319,0.18907491123174,0.143115492447315,-0.334096472597634,-0.54933975057136,1.73637534364073,0.755907742906319,1.76701495616368,-0.54933975057136,-0.163280632782187,1.39933960588827,0.541430455245668,-0.658876365340907,-0.365502075433658,0.288653651931329,1.8129743749481,-0.209240051566612,3.48283325744889,-0.430611252044928,-0.399205649208904,0.181415008101003,-0.514104196169967,1.57551737789524,-0.155620729651449,-0.806712495764142,-0.856501866113936,-0.86952370143619,-0.950718674622008,-0.839650079226313,-0.884843507697665,-0.805180515137994,-0.835820127660944,-0.71862360976066,-0.853437904861641,-0.857267856427009,-0.774540902615044,-0.312648743831569
"GGCT",1.26224176362238,0.549676518094536,-0.363611331807345,0.840724294436893,0.459351346126218,-1.17553426650033,-0.913591267792213,1.53321727952733,0.288737132408284,0.921013336186509,1.73393988390137,0.539640387875834,-0.223105508745517,1.03141076859223,1.65365084215175,-0.0725635554649872,0.0177616165033306,-0.453936503775663,0.800579773562085,-0.584406196618788,0.810615903780787,0.579784908750642,0.0779783978155425,1.32245854493459,0.579784908750642,-0.924631011032786,0.258628741752178,2.19560187396166,0.348953913720496,0.46938747634492,-1.18456678369717,-1.17352704045659,-1.40536164850861,-0.971800823060685,-1.32206176769338,-1.09223438568511,0.00772548628462867,-1.09725245079446,-1.27288472962174,-1.42041584383666,-1.09123077266324,-1.07617657733519,-0.463972633994365
"SOD1",-0.414632084953911,1.44145330439167,0.948290519782943,0.392361562587647,-0.217366971110419,-1.3166716509837,-0.513264641875657,0.571693484263549,-0.647763583132583,-0.791229120473305,0.302695601749696,1.42352011222408,1.16348882579403,0.060597507487229,0.293729005665901,-0.0111352611831317,1.85391672424625,0.867591155028787,0.473060927341803,0.13233027615759,2.32914631668739,1.40558692005649,1.28902117096716,-1.02436061865198,1.62975182215137,0.464094331258008,-0.764329332221919,-0.441531873205296,-0.32496612411596,1.16348882579403,-1.1328564312659,-0.925728061730231,-1.31577499137532,-1.10864662183965,-0.970561042149206,-0.988494234316797,-0.459465065372886,-0.916761465646436,-1.09609338732234,-1.03332721473577,-0.988494234316797,-0.862961889143665,0.060597507487229
"OAZ1",-0.0996430147814082,0.32809696576078,-0.280888769248437,0.560091531478576,-0.186640976925582,-0.454884693536785,0.110602060400345,2.51754567972249,0.0888525698643017,-0.723128410147987,0.792086097196373,-1.02037144747391,1.0893291345223,0.168600701829794,0.864584398983185,1.53881860560053,1.32857353041878,0.639839663444069,-0.694129089433263,0.400595267547591,1.34307319077614,-0.976872466401827,-0.295388429605799,0.0743529095069394,1.56056809613658,-0.984122296580509,-1.04212093800996,0.110602060400345,-0.346137240856567,2.82928837740578,-0.730378240326668,-0.607131127289089,-1.32486431497852,-0.723128410147987,-1.12911890015413,-0.0778935242453647,0.596340682371982,-0.556382316038321,-1.15811822086886,-1.13636873033281,-1.02037144747391,-1.09286974926073,-0.280888769248437
"C15orf21",0.256692503831509,0.0562971213922408,1.28271686192056,-1.1380593579458,-0.232272229320305,0.585340931031909,-0.825442561340539,1.47509642906226,1.84382393275051,-0.464730872949856,-0.112034999856744,0.200581796748514,0.93002098882745,-1.17813843443365,0.0883603825825237,0.537246039246484,0.889941912339596,0.336850656807216,-0.216240598725164,-0.6170313636037,3.27865487101567,0.0643129366898115,0.144471089665519,1.65144436560882,-0.160129891642169,-0.544889025925564,-0.448699242354715,-1.0017904978871,-0.560920656520705,2.39691518828289,-0.6170313636037,-0.00782940098832501,-1.16210680383851,-0.969727236696812,-0.50480994943771,-1.12202772735066,-0.681157885984266,-0.192193152832452,-0.248303859915447,-0.969727236696812,-0.625047178901271,-0.785363484852685,-0.633062994198842
"LOC100130289",0.324063133485221,0.221441649623566,0.105992480279204,-0.342976511615537,0.375373875416049,-0.355804197098244,0.24709702058898,0.888481294724324,2.36366512523562,-0.394287253546365,-0.0222843745478651,1.47855482692884,0.644755270552893,0.118820165761911,0.0546817383483762,0.0290263673829624,1.15786268986117,0.324063133485221,0.413856931864169,0.542133786691238,1.60683168175591,1.70945316561757,0.580616843139359,1.50421019789426,0.170130907692738,-0.445597995477193,-0.573874850304261,-0.625185592235089,-0.0479397455132789,1.45289945596343,-1.16779668815359,-1.25117664379119,-1.43974362038698,-1.38586734135961,-1.41152271232502,-1.10878933493314,-0.779117818027572,-1.19216929057073,-1.31788060830126,-1.39997779539059,-1.2768320147566,-0.791945503510279,1.01675814955139
"EPCAM",0.269250637796583,0.32114565090843,-1.28863765582106,0.300387645663691,-0.291215503811364,-1.14125581858342,0.310766648286061,0.0824285905939339,-0.18742547758767,-0.104393456608715,0.0616705853491951,1.35904591314537,0.269250637796583,-0.695996606083771,0.0512915827268257,-0.166667472342932,1.25525588692168,0.134323603705781,1.20336087380983,0.331524653530799,0.549483708600557,1.41094092625722,1.26563488954405,2.44884118849416,-0.720906212377457,1.40056192363485,-0.384626527412689,-0.322352511678473,-0.395005530035058,2.91589630650078,-0.795635031258517,-1.05199639603104,-1.1661654248771,-0.70637560870614,-1.19003713090855,-0.726095713688642,-0.0836354513639765,-0.800824532569702,-1.14125581858342,-1.32496416499936,-1.28552395503435,-0.602585582482446,0.632515729579512
"ATP5L",1.06017786596233,0.729463899961801,0.0934755038069462,0.500508077346053,0.894820882962064,-1.31841873565683,0.653145292423219,1.50536974327072,0.462348773576762,1.79792440550196,0.945699954654452,-0.5806721961172,0.538667381115345,1.21281508103949,1.09833716973162,0.462348773576762,1.25097438480878,0.500508077346053,0.69130459619251,-0.211798926347384,1.07289763388542,-0.478914052732423,-0.517073356501715,0.475068541499859,-0.173639622578093,-1.68729200542665,0.00443712834526646,-0.898666394194628,0.475068541499859,1.87424301304054,-0.606111731963394,-1.0385838413487,-1.99256643558098,-1.49649548658019,-1.0258640734256,-1.05130360927179,-0.0973210150395104,-0.606111731963394,-1.16578152057967,-1.58553386204187,-0.898666394194628,-0.66971057157888,-0.199079158424287
"B4GALT1",0.547215378073333,0.324238435389069,0.460502122585008,-0.307529568883013,-0.282754353029206,-0.245591529248495,1.488673580518,0.510052554292622,0.410951690877394,3.09906261101547,-0.431405648152048,0.510052554292622,1.21614620612613,0.57199059392714,-0.431405648152048,-0.468568471932759,2.44251939088958,1.17898338234541,1.43912314881039,-0.369467608517531,1.16659577441851,0.448114514658104,-0.88850838065479,-0.109327842052556,0.547215378073333,-0.919477400472049,-0.245591529248495,-0.0350021944911345,-0.394242824371338,0.819742752465211,-0.920716161264739,-0.728708238397734,-1.0284883502288,-0.99380304803347,-1.05574108766799,-0.723753195226972,-0.834002905776414,-0.74976717187347,-1.15484195108322,-1.34437235236484,-1.25394281449845,-1.1052915193756,-0.15887827376017
"U2AF1",0.638517804667024,0.52315049679408,0.511613766006785,-1.02853979409702,-0.699742966659131,-0.849720466893958,-1.0354618325694,1.28457472875551,1.14613395930798,0.869252420412913,-0.272883927529236,1.42301549820305,-0.169053350443587,-0.0882962349325255,-0.157516619656292,0.580834150730552,1.08845030537151,-0.215200273592764,2.32288049961201,0.903862612774796,1.81526434497106,1.42301549820305,0.21165876553713,1.91909492205671,-0.445934889338653,-0.249810465954648,-0.0306125809960533,-0.942014313192314,-0.642059312722658,1.3191849211174,-0.918940851617725,-1.19697606359152,-1.26158175600037,-1.38963946773934,-0.895867390043136,-0.82664700531937,-0.422861427764064,-0.976624505554197,-1.07699406340366,-0.653596043509953,-0.895867390043136,-0.907404120830431,0.269342419473602
"FAM108C1",-0.716382107546107,0.522986266181895,0.593290793054634,-0.374902977021374,-0.331715910513834,-0.364859473182412,-0.373898626637478,2.23038191880556,-0.672190690654671,0.753986854478038,-0.740486516759618,-1.03375682885733,1.47711913088336,0.874508900545591,-0.721403859465589,0.673638823766336,1.84872877292498,0.83433488518974,0.161420127979236,0.462725243148118,0.0710285934285714,-1.01768722271499,2.7325571107537,1.33651007713788,1.68803271150157,-0.582803506487903,-0.780660532115469,-0.0193629411220932,-0.404029138154366,1.22603153490929,-0.801751890177291,-0.585816557639592,-0.97450015620745,-0.585816557639592,-0.789699685570535,-0.891139074344059,-0.933321790467703,-0.800747539793395,-1.04781773423188,-1.05585253730305,-0.927295688164325,-0.432150948903462,0.472768746987081
"CSTB",0.601506550027107,0.509620824365492,0.903416791486699,1.00842904938569,-0.17952211809662,-0.604821762587523,-0.102075577896116,1.5991230000675,-0.0351302634855105,0.365228969754383,-0.130953948818337,-0.180834771320357,0.0370656638200441,2.59673945010789,-0.0823857795400553,0.470241227653372,1.16594743623417,0.430861630941251,2.09793122508769,0.16833098619378,0.53587388884024,-0.132266602042075,-0.250405392178437,2.64924557905738,-0.607447069034998,-0.792531173581965,-0.10995149723854,-0.768903415554693,-0.544439714295605,1.48098420993114,-1.00780630227489,-0.95398752010166,-1.13277088917469,-1.01962018128853,-1.02487079418348,-0.971052012010246,-0.692769528577926,-0.982865891023882,-1.13775897142489,-1.05768712477691,-0.994679770037518,-0.915920576613277,-0.207087835795104
"HMGB2",0.279399821950999,0.635127689398976,0.97938046434863,-0.895649649877154,-0.394188107700491,-0.753358502897964,0.371200561937574,1.12855666682681,2.1727900841741,-0.259929525470126,-0.659262744411725,-0.308124913963078,0.612177504402332,-0.33566513595905,-0.591559698671626,1.08265629683353,1.86296258671941,0.508901671917436,-0.487136356936898,0.118748526974494,-0.15665369298523,-0.236979340473482,0.967905371850308,1.77116184673284,0.118748526974494,2.35639156414725,-0.438940968443946,-0.666147799910718,-0.5513968749275,2.26459082416067,-0.764833595396286,-0.975975297365407,-1.14236413859107,-1.29360585771896,-0.837126678135713,-0.726965790151824,-0.558281930426493,-0.815324002388902,-0.986302880613897,-1.05171090785433,-0.869256937131014,-0.891059612877826,0.417100931930861
"PPIA",1.59040040639685,0.780425219779757,0.046385206908014,1.50180937036061,-0.674998943672837,-1.10529826156317,-0.118141002873584,2.76739559944982,0.248879003562288,1.14744522621563,-0.949631155385196,-0.105485140582692,-0.130796865164476,2.159914209487,-1.00405136323603,1.55243281952418,1.43853005890615,0.818392806652434,-0.0928292782917994,-0.933178534407037,0.388093488762101,-0.194076176618936,-0.295323074946073,0.0337293446171218,1.17275695079741,0.286846590434964,-0.143452727455368,0.0590410691989061,-0.81547901510174,1.10947763934295,-0.345946524109642,-0.678795702360105,-0.940772051781572,-0.812947842643561,-0.788901704290866,-0.649687219091053,-0.409225835564103,-0.905335637367074,-1.23185688447209,-1.39005516310824,-0.980005224883337,-0.5737520453457,-0.8319316360799
"MAGED1",2.11563435639411,0.177287482394425,0.237484590282614,0.213405747127338,-0.760583458503561,-0.720853367297356,-0.506551663215403,-0.437926960222868,-0.592031556416632,0.586627816034111,-0.256131694400537,0.622746080767024,0.971889306518521,0.526430708145921,-0.207974008089985,-0.700386350615372,2.51293526845616,1.6340574932886,-0.0514615275806937,0.0207750018851331,1.29695368911474,0.586627816034111,2.85003907263002,0.959849884940883,-0.280210537555812,-0.566748771103592,0.682943188655213,-0.994148237109735,-1.04110198126252,1.00800757125143,-0.995352179267499,-0.665472028040222,-1.00257583221408,-0.877365847806648,-1.01100342731843,-0.929135360590491,-0.553505407368191,-0.823188450707278,-0.651024722147057,-1.10250303130847,-0.877365847806648,-0.624537994676254,0.225445168704976
"CALU",0.620921912314365,0.103266769074082,-0.242678375432838,0.115892504275065,-0.697204842668209,1.3153373483684,-0.0810689648602622,0.772430734726156,0.620921912314365,0.961816762740893,-0.747707783472139,0.583044706711418,1.26483440756447,0.115892504275065,-0.740132342351549,0.19164691548096,3.27232630452069,2.8304255724863,0.368407208294715,0.128518239476047,0.848185145932051,0.671424853118296,-0.108845582302424,-0.238890654872544,-0.689629401547619,-0.230052640231856,-0.370198300962762,-0.90552947348442,-0.798210724276069,1.26483440756447,-0.832300209318722,-0.972445870049628,-0.995172193411396,-0.716143445469683,-1.07345175165749,-1.02168623733346,-0.755283224592728,-0.923205502765796,-0.837350503399115,-0.860076826760883,-0.986334178770708,-0.910579767564813,0.684050588319278
"KIAA0746",0.198883917494884,0.874635243838343,0.198883917494884,-0.869804291203847,-0.673335850026211,-0.159014007198134,0.874635243838343,1.31262221461651,0.962232637993977,-1.14260760443139,-0.954898902669319,1.07485785905122,1.024802205248,-0.0201095678942003,-0.95740168535948,0.799551763133514,2.02591528131239,1.46278917602617,-0.272890619600457,-0.351728274340528,1.13742742630524,0.887149157289148,1.0122882917972,0.248939571298103,1.60044222398502,-0.892329335415295,-0.579481499145175,-0.882318204654651,-0.802229158569501,2.75172226145906,-0.700866459617982,-0.962407250739802,-0.934876641148031,-1.12383673425518,-1.02497681799383,-1.00620594781762,-0.543191150137841,-0.847279246992398,-0.768441592252328,-0.511906366510829,-0.380510275277379,-0.625782978913153,-0.459347930017449
"ATP5E",0.315091076094205,1.11150055571512,0.52663734411851,-0.431542811050403,-0.992762616220766,-0.506206199764863,0.153320400546207,0.501749547880357,0.078657011831746,-0.145333154311636,-0.0831136637162523,-0.493762301645786,2.57988053376618,0.227983789260667,-0.145333154311636,0.45197395540405,3.23940713407725,1.34793461997758,0.016437521236362,-0.307103829859635,1.79591495226434,-0.468874505407633,0.775515306500046,0.215539891141591,1.75858325790711,-0.655532977193785,-0.821036822177506,-0.618201282836554,-0.752595382522584,1.08661275947697,-0.381767218574095,-0.356879422335942,-0.998984565280304,-0.618201282836554,-0.979074328289781,-1.08111429286621,-0.643089079074708,-0.705308569670092,-0.680420773431938,-1.08982502154956,-1.18190986763073,-0.949208972803997,-0.0955575618353291
"ATP6V0C",0.304560649676389,-0.33305679852418,0.387728142919942,0.914455600129107,-0.166721812037075,-0.746122014967157,-0.568698029380912,0.595646876028823,-0.728102391431054,0.928316849003033,0.429311889541718,-0.730874641205839,1.46890555508612,1.44118305733827,0.457034387289569,-0.596420527128763,2.06493925666492,1.78771427918641,-0.208305558658851,-0.263750554154553,1.31643181747294,-0.658796147061427,-0.582559278254837,1.3995993107165,1.96791051454744,-0.718399517219306,-0.568698029380912,1.89860427017781,-0.610281776002688,0.831288106885555,-0.866714880170308,-0.919387625891225,-1.29086909571243,-0.879190004156841,-1.02196086755827,-0.443946789515583,0.221393156432837,-0.667112896385782,-1.14532598253621,-1.25621597352761,-1.20770160246887,-1.02750536710784,-0.208305558658851
"DBI",0.82156790975707,-0.389406291910409,-0.920277810621203,0.430141905177683,-0.886028035220507,-0.868903147520159,-0.426102479839727,-0.291549790765562,-0.0346764752603396,1.2986183528382,0.625854907467376,0.564694594251847,0.748175533898435,-0.834653372119462,0.784871721827753,-0.845662228498258,1.42093897926926,0.405677779891471,0.136572401743142,-0.0591406005465513,2.63191318093674,0.601390782181165,0.136572401743142,0.601390782181165,-0.230389477550033,-0.205925352263821,0.356749529319048,1.49433135512789,-1.0242503430876,3.36583693952309,-0.700100683045298,-0.93495628579293,-1.21507052032005,-0.805296421776008,-1.02302713682329,-0.377174229267303,0.124340339100037,-0.89336727280637,-0.950857967228968,-1.17470471359781,-0.764930615053759,-0.487262793055256,-0.205925352263821
"F11R",0.561395182481328,1.36056730238026,0.0785620267090568,-0.221127518253043,-0.33767345240497,-0.940382426162082,0.328303314177473,1.89334871564622,0.644642278304134,1.29396962572202,-0.470868805721459,0.761188212456061,-0.271075775746726,0.544745763316767,-0.204478099088482,0.394900990835717,0.661291697468695,-0.0213344882783097,0.89438356577255,0.494797505823084,2.07649232645639,0.777837631620622,1.69355568567148,1.57700975151955,-0.782212944098751,-0.90708358783296,-0.33767345240497,-0.071282745771993,-0.187828679923921,1.51041207486131,-1.21842772621025,-1.13351568847099,-1.54975116758502,-1.4215506400179,-1.07191283756211,-0.672326777612648,-0.800527305179769,-0.748914105769629,-1.29667999628369,-1.33830354419509,-1.11686626930643,-0.987000799822853,0.561395182481328
"TCP1",1.01302333249302,0.0386695496727381,0.214372690837052,0.645644037331276,0.0386695496727381,-1.24715798339338,0.102561601005216,1.68388987148404,0.789401152829351,-0.545942720019433,1.01302333249302,0.645644037331276,0.310210767835768,-0.0891145529922173,1.12483442232486,0.118534613838335,1.36442961482165,0.246318716503291,-0.153006604324695,-0.590667155952167,3.56870538579213,0.645644037331276,0.53383294749944,0.949131281160545,-0.041195514492859,-0.400588303238046,-0.232871668490292,-0.766370297116481,-0.422950521204413,1.42832166615413,-0.932489630580923,-1.00117358576334,-1.12576308586167,-1.06027373324588,-1.14812530382804,-0.964435656247162,-0.0731415401590979,-1.10020626532868,-1.31264733600917,-1.29827162445936,-1.08263595121225,-0.406977508371294,-0.478856066120331
"PFN1",-0.0347126707644696,0.732675302889581,1.0486585861589,0.0254746212868284,-0.302546120392746,1.19912681628714,-0.0347126707644696,2.35773218827463,0.0104277982740039,-0.651632414290275,0.0104277982740039,-0.17013407787989,0.552113426735687,0.190989674427898,0.0555682673124775,0.943330825069124,0.657441187825458,0.446785665645915,1.92137432090272,0.522019780710038,2.16212348910791,-0.17013407787989,-0.462042444328686,0.522019780710038,-0.109946785828592,-1.19632740735452,-0.644109002783863,-0.686240107219771,-0.669688601905664,2.91446463974914,-0.600473216046672,-0.513201642572289,-1.07294345864936,-1.1812805843417,-1.08799028166219,-0.445490939014579,-0.806614691322368,-0.994699978982674,-1.05488727103397,-1.00222339048909,-1.17827121973913,-0.830689608142887,-0.371761506251739
"SCD",-0.248394887916085,-0.497929800477422,-0.455110200097074,1.88224936549225,-0.732699333597258,-0.211481439312337,-0.300073715961333,-0.404907909995977,1.94131088325824,1.88224936549225,1.02585735788529,-0.809479306693054,0.479538318549824,1.69029943275276,1.05538811676829,-0.766659706312707,1.36546108503977,0.878203563470302,0.656722871847814,0.0380534732489986,1.79365708884325,-0.788807775474955,0.204902260937939,-0.00181305124304919,0.833907425145804,-0.559944394131718,-0.558467856187568,2.07419929823173,-0.824244686134553,0.173894964110791,-1.06152433375945,-0.88330620390055,-1.03376542040943,-0.757800478647807,-1.02077188650091,-0.929078880169197,-0.280878722687384,-0.803573154916454,-0.949159796209636,-0.966287636361775,-1.02490619274453,-0.964220483239965,-0.140607617993141
"KIAA0101",-0.0236485669976265,-0.348803415028943,0.147094846352152,0.233208915693779,0.248056169028542,-0.0711597776688691,-0.186968353680023,0.932514547761131,2.9665882546237,-0.166182199011354,-0.623477601722064,-0.270112972354698,1.73426622783835,0.784042014413498,-0.608630348387301,0.148579571685628,3.07051902796705,2.01636404119885,0.081766931679193,0.332685513036693,1.066139827774,-0.250811543019505,-0.152819671010067,0.169365726354297,0.351986942371885,-0.635355404389875,-0.394829900366709,-0.443825836371428,-0.0681903270019164,0.620722227731101,-0.903348327082353,-0.949226339886771,-0.989759341490675,-0.985008220423551,-0.953977460953896,-0.966746098821792,-0.891767469481237,-0.955907603887415,-0.869942007079135,-1.00015241882501,-0.955016768687329,-0.977733066289517,0.739500254409208
"SFRS3",-0.0359657726411923,0.205427810642565,0.559471732792075,-0.148616111506946,0.977887277150587,-0.711867805835712,-0.164709017059196,1.62160349924061,1.31583829374785,0.36635686616507,-0.341730978133951,0.672122071657828,0.495100110583073,-0.390009694790703,-0.261266450372699,0.414635582821821,1.05835180491184,0.38244977171732,0.141056188433563,1.13881633267309,-0.00377996153669134,0.784772410523582,0.768679504971331,1.94346161028562,-0.0198728670889418,-0.727960711387963,-0.599217466969959,-1.32661679793168,0.334171055060569,2.82857141565939,-1.12706476908377,-1.1351112218599,-1.24132439850475,-1.55835463788409,-1.17695277629575,-0.776239428044714,-0.30954516702945,-1.04177236965685,-0.695774900283462,-1.60180548287516,-1.16890632351963,-0.679681994731211,1.23537376598659
"ATPIF1",0.687030389575663,-0.510933121145593,0.0551375487556603,-0.0238490563468401,-1.11518065017972,-1.00065007278109,-0.801867116606469,1.75334955845942,-0.0106846221630901,-0.287137740021841,0.910825770699415,0.357919534981912,1.30575879621192,-0.352959910940592,1.01614124416942,0.581714916105663,2.87232646407817,2.31942022836067,0.213110758960661,-0.431946516043092,0.779181428861914,0.344755100798162,-0.458275384410592,2.29309135999317,-0.339795476756842,-0.658374784003593,0.0946308513069105,-0.260808871654341,-1.23629344467022,1.12145671763942,-0.820297324463719,-0.609666377523718,-0.934827901862345,-0.795284899514594,-0.765006700891969,-0.634678802472843,0.0814664171231604,-0.770272474565469,-0.753158710126594,-1.10201621599597,-1.02961182798535,-0.651792566911718,-0.431946516043092
"NDUFS5",1.53841056254753,0.134227393088324,-0.386490532252798,1.17273786216753,-1.31383650041648,-0.946701109234959,0.426765553392325,1.78706799880593,0.412138645377125,0.104973577057924,-0.246072215306877,0.353631013316325,1.34826075834993,-0.0705493191244766,-0.216818399276477,0.777811345757126,3.04498208811313,1.64079891865393,0.807065161787526,-0.888193477174159,0.148854301103524,0.412138645377125,-1.17341818347056,0.821692069802726,0.309750289270725,-0.289952939352477,0.938707333924327,-0.521058085992638,-1.35332915205752,1.31900694231953,-0.518132704389598,-0.591267244465598,-1.13392553182952,-0.719984034999359,-0.949626490837999,-0.676103310953759,-0.304579847367677,-0.702431745381119,-1.1470897490432,-1.18804509148576,-0.894044240380239,-0.604431461679278,-0.662939093740078
"TSFM",-0.419985296098991,0.12321346871529,-0.370603590206783,1.85953796621548,0.250650129082277,-1.02053055807841,-0.179448599656303,0.808185518187843,-0.275026094931543,0.84004468327959,-0.227237347293923,2.17812961713295,0.50552344981625,-0.0042231916516967,-0.0838711043810633,-0.322814842569163,0.951551761100703,0.21879096399053,2.49672126805042,0.632960110183237,0.282509294174023,2.33742544259168,-0.322814842569163,0.0117063908941766,0.664819275274983,-0.910616438511889,-0.676451575087551,-0.0360823567434434,0.0913543036235433,1.54094631529802,-0.979113643459144,-0.657336076032503,-1.2865545865945,-1.34390108375964,-1.04283197364264,-1.17186159226421,-0.75450652956233,-0.73061215574352,-1.14637426019081,-1.06672634746145,-0.99982210076878,-0.668486783814614,0.903763013463083
"SNRPD3",1.25369273130677,-0.00955761502339717,0.967355986138595,-0.498014415604393,0.293622468095842,-0.346424374044774,-0.632761119212944,0.815765944578976,0.664175903019356,-0.716977808968288,-0.026400952974466,1.96111292525166,0.916825972285389,-0.26220768428943,0.0578157367808782,0.00728572292767166,0.950512648187526,0.259935792193704,0.074659074731947,1.54002947647494,0.142032426536222,1.84320955959417,0.276779130144773,2.12954630476235,0.596802551215081,-0.531701091506531,0.579959213264012,-0.228521008387292,0.0578157367808782,-0.565387767408669,-0.989839883775603,-1.15490459569608,-1.48503401953703,-1.27786096273888,-1.42776667050339,-1.24754295442696,-0.875305185708335,-0.981418214800069,-0.940994203717504,-1.01847355829242,-0.994892885160924,-1.13806125774501,1.96111292525166
"POLR2F",0.545097994152793,-0.143464926280521,0.249577427443216,-0.159718557449548,-0.162673763116644,-0.799520584375783,-0.221777876458559,0.249577427443216,-0.122778486610851,0.0811307044187572,-0.951713676231215,3.13090295286159,0.884946645868807,0.471217852475399,-0.93398244222864,-0.300090826636597,2.27389330940382,1.12136309923647,0.840618560862371,0.0264593995774854,-0.100614444107633,2.93881458450037,1.37255558093961,0.45644182413992,-0.495134400664918,0.0441906335800601,-0.254285138796613,-0.616297833015845,-0.310434046471433,1.00315487255264,-0.706431605862266,-0.607432216014558,-0.823162229712549,-0.846803875049315,-0.889654357222204,-0.837938258048028,-0.812819009877714,-0.888176754388656,-0.96944491023379,-1.07287710858214,-0.774401336205469,-0.727118045531936,-0.161196160283096
"EEF1D",-1.24509504387346,-0.310661619845516,-0.468594029540379,-0.521238166105334,0.505322496911278,-0.771297814788867,1.43975592093922,2.63741002779193,0.031525267826688,0.373712155498892,-0.350144722269232,0.794865248018527,1.4660779892217,0.255262848227744,-0.244856449139323,1.58452729649284,1.74245970618771,0.347390087216415,-0.310661619845516,-1.3635443511446,1.11073006740825,0.808026282159766,1.0580859308433,0.031525267826688,1.45291695508046,-0.415949892975425,-1.74521434124052,-0.679170575800197,0.544805599334994,1.11073006740825,-0.139568176009414,-0.705492644082674,-1.53463779498071,-0.731814712365151,-0.481755063681618,-0.995035395189923,-0.65284850751772,-0.376466790551709,-0.679170575800197,-0.521238166105334,-0.442271961257902,0.0446863019679266,-1.65308710225185
"GPI",0.0709258889938924,0.136723608754407,-0.202934890549871,0.431924189301581,-0.400328049831415,1.65896274699766,0.236309346770321,2.05019243206018,3.04604981221932,1.28551622943799,-0.24917112605726,-0.0357731160231584,0.591972696827157,-0.174481822545324,-0.27051092706067,0.414141021798739,1.19660039192378,0.62753903183284,0.0353595539882088,0.236309346770321,1.55226374198061,0.00334985248309358,-0.688415363377452,1.57004690948346,-0.711533481131146,-0.716868431381999,-0.512362005099318,0.32522518428453,-0.507027054848466,0.912069711878309,-1.03518712968287,-1.14899940170105,-1.31971780972834,-1.00317742817775,-1.1329945509485,-1.26814662397009,-0.766661300389956,-0.871581988656722,-0.852020504403596,-0.900035056661269,-1.06719683118798,-0.996064161176615,0.449707356804422
"PABPC1",-0.859431605158171,0.304951438226029,0.0406722427983738,-0.257807789684626,1.85953494074165,0.05621807782353,0.475955623502748,1.20660986968509,0.444863953452435,-0.394611137906,-0.145877777503501,2.9788350625529,-0.00596526227709481,-0.111676940448157,-0.0836944374028759,0.522593128578216,0.196130593049936,-0.187851532071423,0.740234818930404,0.833509829081341,-0.63246241379089,2.91665172245227,0.211676428075092,-0.452130727499078,-0.537632820137437,-0.262471540192172,-0.966697866831749,-0.0992402724280321,1.84398910571649,0.709143148880091,-0.96980703383678,-1.08640079652545,-1.04442704195753,-1.15791163764117,-0.935606196781437,-0.943379114294015,-0.78170243003239,-0.593597826228,-0.864095355665718,-0.966697866831749,-0.829894518610374,-0.817457850590249,0.646959808779466
"C17orf89",-0.410278247139299,-0.107804925182257,-0.669739307717129,-0.944462783623067,0.780190148453097,-0.234066724714784,-0.0661801561055999,-0.358941031944756,0.641440918197573,0.33619261163542,-0.0523052330800474,2.34805645034052,1.80693445234397,0.710815533325335,-0.0106804640033902,-0.644764446271135,1.9734335286506,0.62756599517202,-0.564289892722931,-0.93197535290007,0.308442765584315,2.27868183521276,0.294567842558763,0.155818612303239,2.72267937203043,-0.802938568762432,-0.850113307049311,-0.945850275925622,0.655315841223125,1.16868799316856,-0.392240847206081,-0.324253724380875,-1.03048730638149,-0.697489153768234,-0.685001723045237,-0.90561299915152,-0.782126184224104,-0.597589707984257,-0.428315647072518,-0.798776091854767,-0.861213245469753,-0.758538815080665,-0.952787737438398
